condition,index,degradation_distance_low,degradation_distance_high,assigned_degradation_distance,degradation_margin_other_minus_assigned,correct_condition,gradient_energy,laplacian_variance
low,0,0.020322084426879883,0.5585058331489563,0.020322084426879883,0.5381837487220764,True,0.008202733471989632,0.010472499765455723
low,1,0.028495609760284424,0.5964170098304749,0.028495609760284424,0.5679214000701904,True,0.008609305135905743,0.011307444423437119
low,2,0.020767569541931152,0.51506507396698,0.020767569541931152,0.49429750442504883,True,0.007093911059200764,0.00916651077568531
low,3,0.014947295188903809,0.5314900875091553,0.014947295188903809,0.5165427923202515,True,0.008540481328964233,0.011254614219069481
low,4,0.017580926418304443,0.5434331893920898,0.017580926418304443,0.5258522629737854,True,0.007465085946023464,0.009613001719117165
low,5,0.018214762210845947,0.5461052656173706,0.018214762210845947,0.5278905034065247,True,0.008673337288200855,0.011303436942398548
low,6,0.03453850746154785,0.6218090653419495,0.03453850746154785,0.5872705578804016,True,0.008065772242844105,0.010572342202067375
low,7,0.03427457809448242,0.6182984709739685,0.03427457809448242,0.5840238928794861,True,0.008573722094297409,0.011072789318859577
low,8,0.018292784690856934,0.5564330816268921,0.018292784690856934,0.5381402969360352,True,0.007584146689623594,0.010032429359853268
low,9,0.026267588138580322,0.5526330471038818,0.026267588138580322,0.5263654589653015,True,0.006859931163489819,0.008578498847782612
low,10,0.03459811210632324,0.6245636940002441,0.03459811210632324,0.5899655818939209,True,0.008706741034984589,0.01145972777158022
low,11,0.025882840156555176,0.5850849747657776,0.025882840156555176,0.5592021346092224,True,0.008307081647217274,0.010827787220478058
low,12,0.0251581072807312,0.5731045007705688,0.0251581072807312,0.5479463934898376,True,0.00791303813457489,0.01008338201791048
low,13,0.03946638107299805,0.6118231415748596,0.03946638107299805,0.5723567605018616,True,0.007583735976368189,0.009058918803930283
low,14,0.0272216796875,0.5923538208007812,0.0272216796875,0.5651321411132812,True,0.007571321912109852,0.009403347037732601
low,15,0.031045258045196533,0.605449914932251,0.031045258045196533,0.5744046568870544,True,0.009405858814716339,0.011972391977906227
high,0,0.030900537967681885,0.5433909893035889,0.5433909893035889,-0.512490451335907,False,0.006558035500347614,0.007541430648416281
high,1,0.059105634689331055,0.4244478940963745,0.4244478940963745,-0.36534225940704346,False,0.005136193707585335,0.005555320531129837
high,2,0.08680158853530884,0.4115971326828003,0.4115971326828003,-0.32479554414749146,False,0.0046729762107133865,0.00476135453209281
high,3,0.03639400005340576,0.4701153039932251,0.4701153039932251,-0.43372130393981934,False,0.005351508967578411,0.0063027068972587585
high,4,0.09812778234481812,0.36967337131500244,0.36967337131500244,-0.2715455889701843,False,0.004285034257918596,0.0042466213926672935
high,5,0.04738199710845947,0.48118120431900024,0.48118120431900024,-0.43379920721054077,False,0.005921525880694389,0.006364196073263884
high,6,0.0431782603263855,0.4781506061553955,0.4781506061553955,-0.43497234582901,False,0.00556343887001276,0.006080402992665768
high,7,0.05096590518951416,0.43474894762039185,0.43474894762039185,-0.3837830424308777,False,0.005171364638954401,0.0056021432392299175
high,8,0.050095200538635254,0.43702173233032227,0.43702173233032227,-0.386926531791687,False,0.005640842020511627,0.006203890312463045
high,9,0.07653820514678955,0.3817451000213623,0.3817451000213623,-0.30520689487457275,False,0.004489203914999962,0.004803624469786882
high,10,0.08063465356826782,0.3573392629623413,0.3573392629623413,-0.2767046093940735,False,0.0044127157889306545,0.004777468275278807
high,11,0.06600344181060791,0.41310763359069824,0.41310763359069824,-0.34710419178009033,False,0.005094751715660095,0.00534822978079319
high,12,0.09286904335021973,0.34253084659576416,0.34253084659576416,-0.24966180324554443,False,0.004259008448570967,0.00442953035235405
high,13,0.05623096227645874,0.46866780519485474,0.46866780519485474,-0.412436842918396,False,0.004918863531202078,0.005231666378676891
high,14,0.13665544986724854,0.30855411291122437,0.30855411291122437,-0.17189866304397583,False,0.0034268456511199474,0.0033764210529625416
high,15,0.0453757643699646,0.46605610847473145,0.46605610847473145,-0.42068034410476685,False,0.005289831664413214,0.005871895235031843
null,0,0.14193564653396606,0.2538132667541504,,,,0.003715365193784237,0.0036298891063779593
null,1,0.14330625534057617,0.2680528163909912,,,,0.0038123568519949913,0.0037501517217606306
null,2,0.2386465072631836,0.19712042808532715,,,,0.003086582524701953,0.003200054168701172
null,3,0.17686933279037476,0.19145667552947998,,,,0.003502187319099903,0.003480927087366581
null,4,0.10942065715789795,0.28942596912384033,,,,0.0036101588048040867,0.0037860083393752575
null,5,0.17877817153930664,0.19991421699523926,,,,0.0032541085965931416,0.0030913283117115498
null,6,0.10304796695709229,0.3576503396034241,,,,0.004027995280921459,0.004084540531039238
null,7,0.14494335651397705,0.27620041370391846,,,,0.004031513351947069,0.00391771923750639
null,8,0.18851971626281738,0.2794138193130493,,,,0.00358692929148674,0.00334212020970881
null,9,0.09615617990493774,0.3086848258972168,,,,0.003862536046653986,0.004010594915598631
null,10,0.18116992712020874,0.1605898141860962,,,,0.003204992273822427,0.0032280024606734514
null,11,0.08205419778823853,0.450051486492157,,,,0.005081555340439081,0.006022495683282614
null,12,0.14947646856307983,0.3031861186027527,,,,0.003685810137540102,0.0036728105042129755
null,13,0.18526315689086914,0.31516653299331665,,,,0.003744809189811349,0.0035214873496443033
null,14,0.323253870010376,0.14213889837265015,,,,0.0021840312983840704,0.001879111398011446
null,15,0.12497162818908691,0.384243369102478,,,,0.004420719109475613,0.004622741602361202
